{"cameraMode":{"drawMode":0,"name":"Shaded","section":"Shading Mode"},"sceneLighting":false,"audioPlay":false,"sceneViewState":{"showFog":true,"showMaterialUpdate":false,"showSkybox":false,"showFlares":true,"showImageEffects":true,"showParticleSystems":true,"showVisualEffectGraphs":true,"m_FxEnabled":true},"in2DMode":false,"pivot":{"x":-0.03778179734945297,"y":1.7010393142700196,"z":1.1710984706878663},"rotation":{"x":-0.00950568076223135,"y":0.9775444269180298,"z":-0.2056083381175995,"w":-0.04519376903772354},"size":0.1938011646270752,"orthographic":false}