{"cameraMode":{"drawMode":0,"name":"Shaded","section":"Shading Mode"},"sceneLighting":true,"audioPlay":false,"sceneViewState":{"showFog":true,"showMaterialUpdate":false,"showSkybox":true,"showFlares":true,"showImageEffects":true,"showParticleSystems":true,"showVisualEffectGraphs":true,"m_FxEnabled":true},"in2DMode":false,"pivot":{"x":1.1211086511611939,"y":1.6776888370513917,"z":0.4524326026439667},"rotation":{"x":0.013857301324605942,"y":0.9297347068786621,"z":-0.035169120877981189,"w":0.3662918508052826},"size":17.222597122192384,"orthographic":false}