{"cameraMode":{"drawMode":0,"name":"Shaded","section":"Shading Mode"},"sceneLighting":false,"audioPlay":false,"sceneViewState":{"showFog":true,"showMaterialUpdate":false,"showSkybox":false,"showFlares":true,"showImageEffects":true,"showParticleSystems":true,"showVisualEffectGraphs":true,"m_FxEnabled":true},"in2DMode":false,"pivot":{"x":0.008510112762451172,"y":0.8946917057037354,"z":0.2629890441894531},"rotation":{"x":-0.00950568076223135,"y":0.9775444269180298,"z":-0.2056083381175995,"w":-0.04519376903772354},"size":14.572637557983399,"orthographic":false}